INSERT INTO `artist` (`id`, `full_name`, `email`, `password`, `description`, `avatar`, `birth_date`) VALUES
(1, 'Colten Bergstrom PhD', 'oleta.schneider@example.net', 'd4bbe9ffdb749cb347903ae3ae49c7ea3ff81a58', 'Minus non neque aut inventore. Omnis dignissimos voluptatem enim porro. Doloremque corrupti voluptas nemo eum tempora repellendus minus.', '1569889600', '2010-06-25'),
(2, 'June Legros', 'hammes.gabe@example.net', '8aaf39c1bc6f3c79f7aa572286efd4a4d5972316', 'Voluptatem perferendis id aut iure ut nam sint voluptates. Numquam iure velit aut nostrum minus quam. Sed ut vel quod ut dolor.', '330046152', '2013-03-22'),
(3, 'Mr. Brown Wisoky', 'madeline05@example.net', '267416525eebfe22fccacd0ed317c8596dcca402', 'Repudiandae deleniti velit ipsa nesciunt. Non quis veniam accusamus ipsum magni. Numquam dolorem maiores velit officiis aut autem.', '1438892961', '1998-10-05'),
(4, 'Mr. Nelson Tillman I', 'markus85@example.net', '0e0b257f05a46ee7769ae12f312f1012d069e35d', 'Officia optio suscipit mollitia blanditiis ducimus deserunt. Harum praesentium omnis quo aut. Dolores sapiente voluptatem id voluptatem ducimus ipsam. Enim animi fugit facilis consequatur.', '352391686', '2000-03-19'),
(5, 'Ward Thompson', 'piper.swift@example.org', 'bb2c4453b85ae791998a4e3d5eefcd55c4ad4433', 'Dolores aut quaerat nulla est eaque consequatur nostrum dignissimos. Suscipit voluptatem dolores esse est. Magni illum qui eaque aut consequatur impedit suscipit beatae.', '1396609494', '2018-08-22'),
(6, 'Helene Kuhlman', 'zwhite@example.net', 'c29e00f4893da636f7adb0c45f6902e0c54c44fd', 'Eveniet dignissimos voluptatem ipsum. Dolore delectus adipisci molestiae occaecati deleniti voluptates. Id at eos quia quis pariatur sapiente iure. Aut voluptate qui atque ut consequatur aperiam placeat. Sed eum laboriosam omnis recusandae.', '519667292', '1982-04-07'),
(7, 'Prof. Wyman Skiles', 'mgoldner@example.org', '61d5d75d1b592ec87cdab9462787a44427cd90f2', 'Est sunt asperiores et facere quis voluptatem sit. Quia quia voluptatem quo qui consequatur eius molestiae ratione. Quo qui sed sed iusto dolor.', '1271250365', '1995-04-29'),
(8, 'Ms. Lia Raynor V', 'hartmann.dayne@example.net', 'bfc9d1c1d2b51977573011a889ee14b4e31ef702', 'Et esse sint dolorem autem nostrum. Neque porro voluptatum maiores aliquid eius.', '182612492', '2015-04-07'),
(9, 'Melba Kub', 'kasandra83@example.org', '5f49a2e9ecd23e5791a10e5c13b1233694d98fee', 'Nam a eos qui nisi blanditiis qui sed amet. Illo corporis sequi autem quia. Similique neque eaque et cupiditate ex et accusamus.', '1195831043', '1993-07-08'),
(10, 'Mr. Jillian Schmitt III', 'roob.marie@example.net', '0b8bf59d0266146348b479e11be298f0252083d1', 'Esse voluptatem sed voluptatem quis perferendis quia culpa. Minus at cumque magni molestiae iste aliquid at. Repudiandae rem culpa eos officiis dolorem occaecati. Molestias deserunt excepturi fuga illum sequi quas enim.', '45408398', '1994-08-02'),
(11, 'Alvina Hegmann', 'dusty40@example.org', '300fc6b1fc732b1d3dbab9cd21f28d46f95a2eab', 'Nihil maxime dolorem et voluptas. Non similique iste qui id odit.', '20966549', '1977-07-15'),
(12, 'Duncan Grimes', 'roxane.kutch@example.com', '7d4f3130d78cc0b7b1a6b21384fd1bd23e3ee445', 'Sequi ad incidunt exercitationem ut harum delectus. Molestiae ut laboriosam deserunt odio. Assumenda at qui quisquam non. Dolore temporibus vel et sunt eveniet beatae sint.', '1149511890', '1978-11-06'),
(13, 'Trever McGlynn', 'douglas.feest@example.org', 'c59759473d1696da96592236db069dd44a8e5432', 'Eos impedit quae doloremque aspernatur est dolor. Dolores alias a qui aut odit et. Repellat voluptatem maxime nisi quibusdam.', '994911661', '2015-07-30'),
(14, 'Katherine Kilback', 'terry.asha@example.org', 'a25c4d928f1e778b26c3201fa3233409b2f8de37', 'Adipisci veniam fugiat deleniti quos quisquam est nisi ipsa. Quidem sunt nostrum velit occaecati. Qui et cupiditate nobis id aliquam voluptatem dolorum.', '716123811', '1971-08-10'),
(15, 'Dr. Kenyatta Goyette DDS', 'jeanie07@example.org', '8d997bc152d0d49f0bf93ff3bf34bccd58cb2eb0', 'Adipisci inventore adipisci culpa amet omnis hic. Eum laborum aut quibusdam tenetur eveniet officia. Laborum quam non et eum sit doloribus beatae.', '1048666939', '2002-08-02'),
(16, 'Josiah Hilpert', 'justice.hoeger@example.net', 'a1f2489df292d91607410f1d6c5fae6f445acdfc', 'Magnam autem sequi reiciendis porro accusamus illum. Est molestias qui exercitationem veritatis.', '1161049453', '2009-10-25'),
(17, 'Antone Kuvalis', 'mdietrich@example.com', '82c150bd71d3528792f5456210e9019260aa3567', 'Et est aliquam rerum enim illum dolorum ab. Omnis rerum rerum molestiae. Aut quo enim ea dignissimos.', '1358742972', '1993-10-25'),
(18, 'Dr. Logan Russel Jr.', 'ladarius16@example.com', '15bbd0cc0ce7daef327477d28fd344a839bebc80', 'Dolor voluptates rem modi mollitia hic ex et. Odio distinctio ipsa quis autem facere. Quaerat id tempora quis deleniti enim enim et.', '861705650', '1987-05-07'),
(19, 'Mr. Vince Mann DVM', 'hankunding@example.org', 'cfd10667316d1a069b4618c9e2f80d3fe64c3b75', 'Et fugit est repudiandae incidunt non. Et et voluptatum sunt quas facere esse. Laboriosam accusantium itaque est quibusdam. Praesentium officia et error accusantium.', '184033427', '2011-02-16'),
(20, 'Ms. Violet Nitzsche MD', 'mary.morissette@example.org', 'b1908781a757d3c4c20e456edae358329e26728f', 'Eos sed itaque suscipit voluptatem vel provident quia. Aut id et est tenetur aut quia ea. Id possimus cupiditate mollitia voluptas sit soluta.', '313942585', '1995-04-17'),
(21, 'Ms. Amie Swaniawski V', 'langworth.althea@example.com', '8cdcad4a074c64fd076238cd811086942b532631', 'Rerum veniam et voluptas possimus. Dolores totam quaerat facere praesentium quia cupiditate esse. Nostrum molestiae est in illum molestias quibusdam. Et eius eum autem quod eos.', '1502943940', '1989-01-26'),
(22, 'Giovani Frami', 'emile.heaney@example.net', '17012e5f370672d85b87cb2d6d8d450e1b0fd05b', 'Aperiam sunt quos adipisci nobis. Doloribus est molestiae distinctio molestiae ad autem eos. Sit sunt in in voluptas exercitationem.', '447279684', '1982-02-08'),
(23, 'Mrs. Rubie Green', 'schmeler.hannah@example.net', '4acc94370891b55f6e64dcdbf98a84f5c3b8fbca', 'Voluptas aut eum dolores atque dolor laudantium. Odit atque voluptatum aut dolores ut. Nam voluptas quae explicabo ad ipsa harum.', '1439891869', '1981-06-26'),
(24, 'Dr. Jillian Kling V', 'tframi@example.org', '4b9476258b55e53f89acab9a4d0e572a89f5be3d', 'In aut voluptate et quis iste. Quod corporis consectetur sit quos vitae nesciunt. Quia occaecati repellat quis debitis neque id sit.', '1533694718', '1986-11-15'),
(25, 'Miss Electa Beier Sr.', 'federico31@example.org', 'ec04eb08dddf38d5febd6e1adb56c527534a738e', 'Omnis consequuntur molestiae ratione facilis. Fuga impedit consequatur omnis dolorum omnis velit. Tempore voluptates fugiat et unde debitis ratione. Placeat tempore dicta facere quibusdam rerum.', '265874228', '1975-12-21'),
(26, 'Griffin Grady', 'lyric.champlin@example.com', '4784e408c191589a056152e276d74f4dd4ade280', 'Repellendus culpa totam beatae placeat consequatur harum. Ex qui vel laudantium repudiandae. Aut sint ut et ut eaque consequuntur nulla mollitia.', '850912739', '1977-02-14'),
(27, 'Dr. Jackson Littel MD', 'xkutch@example.com', '73deb4dfd8b980c83704e82e8b26b577631060b7', 'Et tempora voluptas placeat omnis est quidem. Natus eveniet facere delectus sunt dolorem. Exercitationem eaque rerum et dolorem explicabo quidem. Perferendis quo corrupti consequatur doloremque perspiciatis molestiae.', '43943757', '2004-04-14'),
(28, 'Cloyd Torphy', 'ceichmann@example.org', '43f57eb9ebe19593520706881fca3869c8c335a0', 'Consectetur voluptatem nesciunt dignissimos numquam quidem veniam quisquam. Temporibus quis magnam itaque quia.', '695694471', '2017-01-16'),
(29, 'Kavon Mitchell', 'ytowne@example.com', '371d89c8bac8c7c46ce99a53ab8957ba8f921803', 'Consequatur ut delectus corporis quibusdam enim animi. Mollitia ea alias laudantium quia at porro voluptatem earum.', '1052303610', '1973-08-27'),
(30, 'Jacynthe Mosciski', 'romaguera.steve@example.org', '4b666bc3baf6d19de0c55a1f47e33680c0d468f0', 'Sed eveniet quia mollitia itaque cupiditate ullam minus amet. Ducimus minus qui aut aut aliquam necessitatibus accusantium. Consequatur ut et repellat natus cum pariatur tempora nihil. Assumenda nihil rerum occaecati sit quia. Natus et blanditiis nobis sint excepturi nihil soluta.', '885718611', '1986-05-31'),
(31, 'Yvonne Simonis', 'arely.schumm@example.org', '111b5c21b04b0545908ab5139b62f946c3faa862', 'Qui occaecati et veritatis. Commodi laudantium voluptate quod quasi. Sapiente non error voluptas unde.', '81205609', '2005-02-13'),
(32, 'Gillian Greenfelder IV', 'emarks@example.com', '8289d57c67a5856672a3968534476a6f5f5994e3', 'Harum laudantium dignissimos nihil porro qui praesentium quia rerum. Maxime quia assumenda ea ratione. Enim quis ab sit ut labore ipsa.', '977597001', '1999-04-03'),
(33, 'Ms. Augusta Nienow I', 'tgusikowski@example.com', 'a1a65125f27241c6be198a44cb5f35c3646a81bf', 'Voluptates et veniam ipsum quia similique incidunt eligendi. Est unde pariatur est sequi totam qui rem. Facilis sint rerum aliquid et ut rem. Facilis est praesentium ratione sed recusandae quidem similique.', '297344437', '2004-11-09'),
(34, 'Dr. Jeffery Vandervort', 'huel.kamron@example.org', 'ecf1e2043b7eea8ca99c0ee20fdb74d9efcbba7e', 'Iure deleniti enim temporibus aut quia. In ut est placeat voluptatem et suscipit sed. Quibusdam ullam repudiandae voluptates voluptas et repudiandae. Laboriosam vel ullam vel voluptas dolores deleniti adipisci.', '504591695', '2014-10-18'),
(35, 'Precious Dickinson', 'zbraun@example.org', '6aa1f29e38a52e24befe922f308abf2d1b7794e5', 'Quia veniam aut praesentium qui nihil. Ducimus molestias reiciendis porro aspernatur eos quasi expedita consequatur. Mollitia itaque laudantium cumque facere.', '579508030', '1997-11-23'),
(36, 'Karen Roob', 'elyse17@example.org', '48ca1b6542ae3f1d5e1e33002b9565d800ab105d', 'Consequatur nostrum doloremque qui ipsum. Expedita animi voluptas id est.', '852035832', '1986-05-30'),
(37, 'Tracy Zulauf', 'kara.barton@example.org', '4e6d5c65b82638ee4c228b041caafac300f398a8', 'Ea velit cumque esse. Incidunt eum quis unde. Repudiandae magni est non fugiat facilis odio ut sed. Dolorem velit ut et totam dolores. Perspiciatis qui quo ut eum et tenetur maxime maxime.', '838181916', '2005-05-22'),
(38, 'Oleta Olson', 'elta39@example.com', '2733f01294e35de5f477b7696db9cea96a5d8622', 'Hic sit quia ut et. Saepe possimus et officiis deserunt laboriosam. Omnis sunt voluptas amet et numquam. Illo quisquam in voluptas et quia doloribus quis.', '1183347186', '1974-04-30'),
(39, 'Leonel Flatley MD', 'ferry.juwan@example.com', '71e57d6ca407bc07692704e434099a11ddcf7b63', 'Consequatur voluptas delectus est quaerat. Id porro asperiores et mollitia accusantium. Autem labore quis fugit consectetur. Vel ea aut distinctio numquam doloribus illo et. Voluptatibus est ipsum quidem in quo quis veritatis.', '1465865676', '2011-05-27'),
(40, 'Aditya Roob', 'fay.jalon@example.net', 'ac2323b87bb540e5ce076d40a57da790a78da2f9', 'Sit ratione et enim cum. Et et doloribus qui. Dolor amet iste saepe neque odit.', '538554049', '2010-04-15'),
(41, 'Prof. Lane Goodwin PhD', 'sven45@example.net', '56b2ff17a70ea5994508c2b1928e239401d7fa42', 'Soluta sit saepe ut error quo. Suscipit libero eaque dolores et dicta porro. Nemo explicabo aliquid debitis labore eos deserunt et.', '592786567', '1972-05-29'),
(42, 'Nico Renner', 'dayana.jenkins@example.org', '16ac39d7663b3ff04be12d137dc3366d37fea7bc', 'Eaque dicta ullam suscipit et aliquid tenetur neque. Praesentium sed ut eum id voluptatum aperiam voluptatem. Deleniti quam similique nemo nesciunt recusandae. Commodi ex a architecto cum amet.', '960081244', '1979-10-06'),
(43, 'Mr. Dylan Keeling DVM', 'ngusikowski@example.org', '2c32b630bf378c528e973af1e165ef877d55ba29', 'Iure aliquam quibusdam non omnis. Dolores consequatur nulla natus quia sapiente qui. A iste dolorum corrupti a unde iusto odit voluptate. Et rerum et recusandae praesentium qui.', '1567230118', '2003-12-02'),
(44, 'Jed Rempel Jr.', 'lilliana39@example.org', 'ddf648f03a69cd9f8da465deaab5c49baca5a891', 'Est ipsa aut dignissimos. Unde repellendus deleniti saepe occaecati doloribus quam. Exercitationem quia suscipit et totam maiores blanditiis necessitatibus.', '1522234447', '1986-10-29'),
(45, 'Terrance Bernier', 'dicki.marianna@example.org', '38dff3c9aa65d39bfc103b72a4ca935156325261', 'Odit eos quasi quia tempora dolor sequi fugit. Quia ratione sed modi aperiam repellendus ut harum. Sequi facilis dolorem qui reprehenderit id.', '717399507', '2006-11-06'),
(46, 'Asia Gutkowski', 'schroeder.sheila@example.org', 'edad271c8fd91a1f582aaab396e5ccb89e3efc83', 'Assumenda est nihil qui quidem molestiae. Temporibus eos corporis velit quisquam repudiandae. Veritatis et nobis a quia quis et molestiae.', '822194354', '2005-12-02'),
(47, 'Prof. Kamron Davis', 'jhane@example.org', '52adcf1982ca115f6acc47f314589bda78297ffe', 'Pariatur quos illo tenetur beatae et voluptatem et porro. Non ut explicabo consequuntur suscipit. Eius distinctio quisquam ullam ut. Quasi molestias aut possimus consequatur vel fuga quia.', '837773358', '1994-02-02'),
(48, 'Cara Mosciski', 'lonny02@example.net', 'f7bc69f7a38298cc28cdfb5e05249b12047d52be', 'Minima molestias sed id amet aut dolor sed. Sit blanditiis itaque voluptate officiis quasi autem sapiente delectus. Quam ab error atque quos. Impedit quia incidunt quia quia.', '1386106994', '2015-01-28'),
(49, 'Triston Dibbert V', 'devan.fay@example.org', '467f6af436255c4cfd0827a97d7ed6e1ca80e897', 'Et cumque praesentium aliquid. Earum aut officiis ea. Suscipit nulla molestias voluptatem quidem.', '61555918', '2012-02-08'),
(50, 'Dr. Marshall Wyman', 'tpouros@example.com', 'c464b838229147d08981d61affb408089466df10', 'Tenetur consequatur ipsa est. Aut repellat est sed commodi. Adipisci unde deleniti et laboriosam dolores.', '1162246713', '2018-02-23'),
(51, 'Susan Emard PhD', 'metz.zaria@example.com', '75da8d26a187deb8854eba6ad21e1f39050056c9', 'Reiciendis eius cum et inventore. Vero itaque nihil officiis laudantium consequatur. Est eos nihil quas est magni magnam. Totam accusamus esse unde nihil esse perferendis at ut. Quod maiores saepe porro assumenda reprehenderit.', '1193037796', '2013-01-29'),
(52, 'Wendell Schiller', 'enoch89@example.net', 'b43926d831d62904187400bafacb7d0c095b2733', 'Commodi minima atque velit totam. Tempora voluptate voluptatem aspernatur. Est architecto sit iure deleniti.', '1359321730', '1989-05-21'),
(53, 'Mr. Lawrence Franecki', 'chaya.hirthe@example.net', '46a8c2e8d6c718ae73d6323bf7c1b45cbd63b036', 'In est illo vel ut asperiores esse. Impedit qui et excepturi qui magnam perferendis error. Sed et nihil reiciendis consequuntur. Aperiam porro ullam qui quasi ut nesciunt.', '292495316', '1999-08-17'),
(54, 'Brannon Stiedemann', 'pascale07@example.net', 'a72e5441ffa0d5588e57388e099b368cbd77a642', 'Tempora recusandae aspernatur eum perferendis. Aut ad dolorum officia minima soluta et. Inventore eaque sint eos tempora. Odit laudantium nostrum et vel officia.', '1441105093', '1988-10-29'),
(55, 'Millie Blick', 'jeanette97@example.org', 'd66c9db6f1aa71c534150dd5af6e91ddfd662dc5', 'Vel sunt rerum consequatur soluta. Iure veniam est nihil nobis aut est atque adipisci.', '485469859', '1976-03-06'),
(56, 'Rahul Stanton', 'connelly.coleman@example.org', '8ccb3f2d50b455ea6e5464fd8a22d2914b3bc36f', 'Molestias ratione distinctio velit. Labore sit est ut quia dolorem explicabo itaque. Voluptatem commodi cupiditate nesciunt expedita qui.', '452574569', '2000-04-22'),
(57, 'Leland Shields', 'lowe.catherine@example.org', '767bcfe43fefee0c0c5f5aa6b177f41908ddb340', 'Placeat et similique quibusdam est laudantium soluta aspernatur laborum. Iure fuga velit ullam. Sunt debitis praesentium iure aut quia.', '483120056', '2001-10-23'),
(58, 'Will Mayer Sr.', 'robb07@example.com', '9440d6b367730a1c80a45f4caec11c0f849947bf', 'Quae porro velit vitae rem. Voluptas et et voluptatem molestiae numquam ducimus dignissimos. Voluptatem rerum quisquam animi corrupti sed aperiam asperiores. Eos dolore non facere vel.', '236850391', '2017-06-25'),
(59, 'Nathaniel Yundt III', 'adelia28@example.org', 'a40a7bd412d1eef464515f0e8d49fbb1561e3b65', 'Et voluptatem ex qui officia debitis quo. Nisi perspiciatis voluptatem delectus porro.', '1525645734', '2000-08-12'),
(60, 'Anastacio Cole', 'abigale17@example.org', '4a2c330304d08917ca3394ec63e80087edd76f7a', 'Nobis et voluptatem maxime aut corrupti perspiciatis dolores. Aliquid magnam et distinctio perferendis. Qui aut deserunt nesciunt.', '467714933', '1970-11-23'),
(61, 'Elyssa Jenkins DVM', 'vesta08@example.org', 'de0d093a57906e0c75b1c612408853d878373760', 'Error dolorum reiciendis praesentium aut. Possimus odio magnam rem dicta delectus facilis excepturi. Quia quia ad quod ad et at. Dolorem delectus porro ut corrupti sit.', '936220763', '2012-11-21'),
(62, 'Santa Von IV', 'friesen.jade@example.com', '40ea97c0c9bb6141904aad4d0998f216bfdd6bed', 'Et quaerat quo libero eum qui repudiandae. Qui vel atque suscipit velit magni. Et sint vero repellendus. Voluptates voluptas doloremque neque non harum.', '1111743088', '1987-08-13'),
(63, 'Jewel Ernser', 'lowe.okey@example.com', 'a59ec7c54f4999df8e403d8ad93f8519c07615e1', 'Rerum fugiat et id animi. Ea quia officia nobis fugiat et. Qui dolores laboriosam quibusdam rerum beatae.', '1275439447', '2002-08-18'),
(64, 'Kiara Volkman DDS', 'emmy95@example.net', 'e5fd29c1aced38d180554f20407e6dc9a9b7747f', 'Est illum in est aut voluptatibus. Dicta non quia suscipit sequi voluptas. Expedita asperiores ut rem fugiat. Eos quibusdam iure aut pariatur.', '135079165', '1971-02-25'),
(65, 'Javier Crooks', 'gorczany.bert@example.org', '0a15f41e0a6ca8dac135d30626ead4112a8eb67f', 'Sequi impedit sunt et aliquid nihil. Necessitatibus voluptates quidem impedit odit exercitationem odio. Dolorem et aspernatur dolor voluptas. Enim dolorem excepturi quam voluptatem.', '926329548', '1973-10-06'),
(66, 'Clarabelle Hamill II', 'rlabadie@example.org', '2c58348af532587709ef8378aabb4d25ac7a1ae5', 'Non non omnis veniam tenetur. Et voluptatem reprehenderit asperiores distinctio qui dolor. Totam eos eius porro eum a.', '22896068', '1980-10-10'),
(67, 'Billy Nienow', 'ruecker.ellis@example.net', 'e603dae76484e3bc829105d84971f9db1da3a438', 'Beatae quia quo eos id rerum voluptatum culpa. Aut molestias perferendis repellat est laudantium. Est esse magni ipsum est reprehenderit quia.', '1495074902', '1987-11-30'),
(68, 'Andrew Towne', 'zryan@example.com', '03257acaf38d40370195cb7bd79613c145fc9577', 'Est fugit nostrum sit nobis quia. Sed eum ad omnis aut error facilis quaerat.', '1142022750', '1979-06-01'),
(69, 'Earline Brekke', 'jaydon.cassin@example.net', '459c1b1ffca632f1336641d520c49fe28c33f3b5', 'Suscipit dignissimos sapiente non deserunt rerum voluptas. Omnis omnis quasi quia odio numquam deleniti illum. Sed provident quo iure tenetur. Sapiente sit et quod impedit doloremque sint.', '842501336', '2007-01-16'),
(70, 'Judy Kulas', 'hratke@example.org', '70ce23e4fde2a2296d50374621d50605422ecab7', 'Neque et distinctio velit consequatur. Dolorum ut dicta numquam.', '1599235522', '1998-11-24'),
(71, 'Miss Elenora Langworth', 'lelah.braun@example.net', '3d87f1e7e24c26e0f0cfd032d24eafe3413987b2', 'Nostrum labore velit libero delectus recusandae omnis ut. Quia mollitia unde vero inventore. Aut quam nobis ut repellat est sequi.', '866131733', '1974-05-01'),
(72, 'Prof. Mozell Metz DDS', 'jodie.wintheiser@example.org', 'f88b7dd3574514c6b5513f5dcd9df6d64e8cbb57', 'Quod quasi accusantium et fugit eveniet illum delectus. Odit repellat est quisquam suscipit eligendi eius. Tempora est blanditiis eaque vel rerum neque. Recusandae quis minima veritatis qui excepturi.', '1525511340', '1974-05-22'),
(73, 'Mr. Durward Reichel', 'little.graciela@example.org', '02fa8f197db5af0fbb1cc93b72a605e0dea2e547', 'Sit esse quis aspernatur quia exercitationem molestiae eveniet. Suscipit debitis voluptatem a molestias. Optio quos aut vel voluptas eveniet perferendis ex.', '460466794', '1975-07-10'),
(74, 'Carli Koelpin', 'tracy.marks@example.com', 'cbb37886b9cfbb9ac1cf581d529b78ad3e916787', 'Vitae aut quia placeat cum. Est iste sit ullam pariatur saepe. Corrupti sed exercitationem pariatur magnam dolorem laboriosam. Et ut ut recusandae aperiam recusandae aspernatur.', '1008388994', '1976-08-29'),
(75, 'Fredy Durgan', 'izaiah33@example.org', '53bf198cdad92396f3716befd42a32840a750aa2', 'Qui repellendus sit nam laborum praesentium itaque. Sequi consequatur possimus eum doloremque est debitis. Rem praesentium est animi autem ducimus consequatur.', '1077521426', '2010-09-27'),
(76, 'Isabell Quigley', 'justyn35@example.org', 'e354575ef4a71d43d46ad398ee4aa82eecbcb435', 'Molestiae corporis dolorum aut aspernatur. Officiis architecto aut sunt ratione. Doloremque facilis inventore aliquam necessitatibus nemo.', '724125975', '1971-03-01'),
(77, 'Ms. Asa Jacobi Jr.', 'feeney.marian@example.net', '5713084f82334503ccb19c6fcb635827e3333d40', 'Consequatur corrupti ad et et similique quod. Alias et quod itaque possimus ab. Voluptatem reprehenderit doloribus dolor ipsam et sunt ab. Optio asperiores dolorum quam iure rerum.', '762488744', '1975-03-06'),
(78, 'Dr. Reid Lebsack MD', 'hertha.bergnaum@example.com', '15057f87d5f937d1e0489dfaa5d2275b05d041e9', 'Maxime ratione unde architecto aspernatur. Odio praesentium veniam qui.', '201978943', '1980-05-29'),
(79, 'Connor Robel V', 'myles06@example.com', '2264afd25e714ed6557549026e2cb023456e3d73', 'Debitis ipsam iure porro ducimus eaque qui. Alias consequuntur maiores veniam dolore eos. Est accusamus tempora aliquam aliquid. Molestiae ullam omnis odio ut dolor porro.', '90476974', '2006-08-22'),
(80, 'Mrs. Arianna Lehner II', 'berry57@example.com', '1c843cd12b8432644874853dfb40b8ffac514b97', 'Neque dolore alias vel. Dolore perferendis exercitationem aut quia. Placeat placeat repellat omnis quia dolores animi consequuntur autem. Aperiam iusto voluptatum qui.', '1096500695', '2002-01-29'),
(81, 'Mrs. Constance Roberts', 'jaskolski.juston@example.com', '2ca720af9cdb61b6d291302c3d034a84a687aeb8', 'Alias fugit praesentium rerum perferendis. Necessitatibus provident voluptatum dolor voluptates et ut aut.', '302867493', '2012-02-25'),
(82, 'Giovanni King', 'kavon75@example.net', '0108f1f6469149c26db5a311607f1e0f425c26e9', 'Quia ad ut rerum magni quam tempore quia. Et ex libero et repudiandae fugiat dolorem. Culpa velit at labore aliquid qui laboriosam necessitatibus doloribus.', '250773987', '2020-01-29'),
(83, 'Miss Alva Mante', 'theo56@example.org', 'ec755eae4645884fb67d3b45fd250d54bba40da0', 'Eveniet omnis voluptates dolores maxime fugit ea libero. Nihil non et est. Velit reprehenderit et accusamus error corrupti laudantium nam.', '1169813876', '1999-03-01'),
(84, 'Prof. Gordon Wisoky III', 'schultz.mandy@example.net', 'b7f52586c8d6c8dc726e50d07bae8568bf6a5904', 'Laborum et perferendis deleniti magnam qui laudantium sit. Sint eos ut beatae inventore. Voluptatem similique consequatur laudantium qui at ut.', '1496170626', '2013-05-05'),
(85, 'Kyleigh Rolfson', 'genevieve.barrows@example.com', '00b67e50b43c6c63ec1df7b7950621fb572c1595', 'Sed et debitis dolorum earum dignissimos ab repudiandae. Facere itaque qui itaque omnis illo voluptas et. Nesciunt quia pariatur molestiae nam neque labore.', '676374845', '1985-11-24'),
(86, 'Selena Walsh', 'kattie.gleichner@example.org', '985d682d4f56f8f61e188115b45a545a08ab7216', 'Occaecati eligendi aut aliquid non perferendis sit. Qui dolor et qui.', '1232226367', '1995-12-15'),
(87, 'Ms. Amalia Daugherty', 'tillman.rafael@example.com', '0f95e1ce3a267c0c20e47d80b77f7dd25fe4d1c3', 'Aut sit est deserunt explicabo consequatur enim. Est sit nesciunt autem ad. Consequatur sint asperiores natus beatae ipsam et. Et pariatur voluptatem aperiam omnis praesentium qui sint.', '363131778', '2019-05-30'),
(88, 'Dr. Magali Grady III', 'susanna93@example.com', 'ae400b6b888dfb99ea03fa1caba30c42ea9d2331', 'Distinctio expedita recusandae sapiente rem est est repudiandae recusandae. Rerum rerum porro enim excepturi ab. Ut autem consequatur atque.', '817265459', '1984-06-21'),
(89, 'Prof. Devante Mitchell', 'thora01@example.org', 'fe6c3281de72b19f7bb69ca750365cc54e4a1d94', 'Et quia eveniet voluptatem dignissimos repellat quod sed dicta. Quidem dolor tempora iusto expedita veniam hic. Quidem sed ipsam qui illum corporis rerum.', '246621810', '1974-05-01'),
(90, 'Mr. Edmund Marks PhD', 'miller.gracie@example.org', '0819bc338a062fe184df8723aefcb6e2ea869680', 'Eum ipsum quia delectus. Iste occaecati magnam ut eum. Corporis impedit quo vel voluptas earum aut. Quis dolorem aperiam repellat provident.', '1165376943', '1997-05-26'),
(91, 'Patricia Ullrich', 'zo\'conner@example.org', 'd0d6c42836a22cb6daae1875840a7fc203cb1853', 'Nesciunt eos tempora consequatur dolor eius et. Magnam facilis perferendis rem voluptas. Qui atque impedit animi et eligendi. Natus id autem voluptatem hic quidem reprehenderit distinctio.', '708895822', '2011-12-29'),
(92, 'Beau Hintz', 'dusty.kozey@example.net', 'e1b583db3e74f2ba59215ba925f87fa15ad16d35', 'Et ipsam consequatur voluptatem quaerat. Natus maiores consequatur non quia quia aut. Accusantium unde iusto saepe occaecati sunt ipsam.', '1010179660', '2009-04-02'),
(93, 'Prof. Jerald Shanahan II', 'solon07@example.net', 'f708e34453b34314a375fe749903cabee8b42e72', 'Minima animi voluptatum adipisci accusantium eum. Nulla laborum eius consequatur numquam aliquam deleniti aut. Assumenda fugiat accusamus voluptas voluptas magnam. Quibusdam molestias voluptatem quae aut vitae excepturi quia.', '76670959', '1975-04-10'),
(94, 'Zaria Dibbert', 'shaniya67@example.net', '54b22e75bfdc347a1bed10c3cc42fb066b340189', 'Ab qui et recusandae doloribus. Exercitationem id ipsam hic eos. Praesentium id earum praesentium enim veritatis.', '677682385', '2017-06-29'),
(95, 'Viola McClure', 'barrett.volkman@example.org', 'e588b517ad3c22822c53e67bf94a44933cabea64', 'Aperiam suscipit enim dolorem saepe architecto quam ea laboriosam. Eius rerum consequuntur atque quasi placeat id magnam. Quia incidunt beatae quam sed quas tempore.', '1183441227', '1979-04-07'),
(96, 'Dayton Williamson', 'lenny.mcclure@example.com', '322ca89f0e4aa62d9e556577c3b1122cc3d9aab0', 'Repellat magni alias dicta id. Cum provident quisquam repellat expedita mollitia. Repudiandae ipsa fuga deserunt. Odit eligendi sint consectetur exercitationem quo. Aliquid et quam commodi vitae molestias quo architecto.', '1514307874', '1998-04-05'),
(97, 'Alexandrine Nader PhD', 'ritchie.margie@example.net', 'e7a1a80dd28deee1853676c19d0e89168d2e4aa3', 'Et qui vel soluta possimus. In odio sed itaque facere incidunt dolorum. Similique sequi sapiente in dolorem reprehenderit odio.', '1305417861', '1971-12-07'),
(98, 'Joaquin Stroman', 'okey.o\'reilly@example.org', '80a65fb6e07fe0254830bb39478a3034114d06e1', 'Et aut voluptatem eveniet dolorum ipsum corrupti. Labore qui praesentium placeat. Fuga cum repellat dolorem ut voluptatibus porro porro laboriosam. Animi reprehenderit excepturi quod et dolores veniam dolorem.', '1589130034', '2011-05-27'),
(99, 'Miss Tamia Nitzsche PhD', 'daphnee16@example.net', '25d4158a743f049aeedcc35af3fd8c925525bf75', 'Enim ad omnis et explicabo quis qui. Ad porro dolorem perspiciatis molestias et nihil. Enim doloribus eligendi repudiandae odio sed aut. Quisquam ducimus totam qui aut.', '248767795', '2004-05-03'),
(100, 'Ryder Roberts', 'dorcas06@example.com', '7afebb0701f4e9dc52ca5cc493831be5b4bc2e0b', 'Facere sed autem ut adipisci eius. Illo sunt doloribus debitis iure consequatur autem. Aut ratione quo odit neque.', '1597054752', '1970-05-04');

INSERT INTO `comment` (`text`, `date`, `song_id`, `user_id`) VALUES
('Quam sunt explicabo tenetur non. Autem vel magni id quidem. Sequi inventore fugit ab autem. Nemo molestiae officia sed ut inventore cum sit quidem.', '2011-08-13 01:47:24', 51, 1),
('Non sed eos facilis alias consequuntur est voluptate. Necessitatibus sed sit quis. Et illo suscipit rerum. Quidem iure in ea ducimus consequuntur.', '1970-08-24 12:41:06', 74, 3),
('Laborum hic alias at et. Laudantium a voluptas incidunt voluptatibus. Velit laborum porro sint quo sit eum.', '1975-10-02 17:02:20', 17, 5),
('Unde non placeat molestiae deserunt placeat molestiae. Aut quia vero ab quod id non nobis. Provident at dolorem eveniet aliquam nam ut unde.', '1998-08-31 03:08:13', 77, 5),
('Debitis tempora molestiae dolorum. Deleniti ut repellat deserunt libero sequi dolores ut. Sit ipsa maiores quidem. Perferendis tempora fugit vel voluptatem id.', '1990-04-19 22:20:46', 10, 7),
('Velit natus optio corporis. Quo id explicabo itaque numquam.', '2014-12-07 01:35:43', 37, 7),
('Ut officiis et ea ad illum delectus nesciunt delectus. Illum eos voluptas aut ut assumenda qui vero. Eius unde repudiandae autem rerum ipsum.', '1980-08-27 00:05:24', 73, 8),
('In fuga voluptatem reiciendis laudantium. Earum voluptatem iure totam est similique odio. Reprehenderit quisquam alias voluptatem ab dolores rerum laboriosam.', '1984-03-12 17:17:22', 53, 10),
('Quas id maiores quia pariatur inventore. Consequatur enim commodi voluptates velit velit. Odit quaerat saepe soluta id qui ab. Quia qui qui et ut omnis eos.', '1971-03-28 23:14:31', 35, 11),
('Quia qui aliquam ut est dolore. Doloribus nam nihil nulla sed. Natus inventore voluptate incidunt cum distinctio. Molestiae dignissimos eos repudiandae aut recusandae doloribus.', '1985-04-20 00:31:22', 78, 11),
('Voluptatem ut sint laborum atque dolor voluptatibus ab. Quod voluptate quo nihil cumque. Aliquid quos quas officia iure quod sapiente.', '1983-12-16 18:04:26', 84, 11),
('Nobis ad aut in dignissimos quidem. Consectetur doloribus ut molestias ut debitis natus. Velit animi doloribus praesentium beatae.', '1970-10-13 13:31:41', 3, 12),
('Aut autem beatae dolorem dicta occaecati. Quod voluptatum qui excepturi molestiae. Assumenda id et corporis magni aliquid.', '1982-08-10 04:22:58', 22, 12),
('Ut nihil dolorem vel velit et repellendus qui. Ratione mollitia consequuntur ex voluptatem eum eveniet temporibus. Ea optio natus iure porro delectus.', '1970-04-11 13:11:45', 8, 15),
('Nostrum velit et ipsa voluptas. Sit iste a ut. Necessitatibus illum sunt amet similique quia ad et voluptas.', '1990-10-31 21:55:46', 88, 15),
('Error quam cumque voluptatem et laboriosam. Ex hic voluptate laboriosam modi sequi rerum tenetur. Aut harum sit quia autem assumenda tempore. Perspiciatis quo voluptates placeat vero.', '1993-07-06 04:49:18', 10, 17),
('Et sit fuga sint omnis error non. Ut et qui illo ad. Ipsum aspernatur et consequatur necessitatibus repellendus iure.', '1975-06-03 19:21:00', 63, 19),
('Exercitationem sed ea sed ex provident soluta. Tempore illum unde facilis quis sed dolore aliquid. Nihil maiores ullam harum illo.', '2000-04-21 20:22:18', 9, 21),
('Atque est nihil dolore non. Accusantium praesentium voluptas blanditiis nam magni et enim. Voluptatem officiis tempore ut adipisci maxime alias.', '1994-05-08 03:59:57', 29, 21),
('Quo ut autem alias libero velit ullam. Sequi quaerat repudiandae adipisci fugiat aut. Exercitationem omnis at itaque sequi similique voluptas saepe. Voluptates rerum deleniti ipsam.', '2012-10-31 05:33:45', 33, 21),
('Aut accusantium fuga non ea autem. Sed assumenda libero est. Dolor praesentium et qui ipsa. Occaecati rerum vel illo modi ipsum voluptatem.', '1992-01-15 18:28:23', 42, 23),
('Quas voluptas ad repellendus ut explicabo assumenda voluptas. Quos eum ut ipsam neque. Fuga temporibus veritatis similique officia occaecati. Mollitia beatae laboriosam illum.', '2000-05-24 03:15:18', 44, 26),
('Nisi quasi placeat non quia et earum ad. Dolorum et ut distinctio eos ut quisquam vel molestias. Expedita fugiat ea et. Unde est blanditiis quis ut adipisci ut maiores.', '1990-07-16 20:10:18', 49, 28),
('Et corporis ut impedit porro. Quidem aut explicabo non et reprehenderit. Vel est optio culpa et et illo commodi amet. Ad tempora at ducimus ullam nihil nam architecto.', '2020-09-16 13:16:35', 13, 29),
('In ab aut et est inventore doloribus dignissimos. Quae incidunt quos facilis. Dolorum ut consequuntur rerum atque molestias.', '1999-04-06 06:23:08', 17, 30),
('Dolores voluptas in velit optio. Vel non voluptatem alias dolor id delectus. Quo qui officia dolorem veritatis sequi. Veniam voluptas enim amet asperiores est id ipsa.', '1976-04-27 15:47:12', 28, 31),
('Natus necessitatibus aut voluptates facilis sit voluptate itaque. Laboriosam velit reiciendis itaque mollitia sed aut recusandae. Et fugit voluptatem veniam vel.', '1981-06-15 07:31:48', 65, 31),
('Ipsam ut architecto voluptatem in et. Fugit sed laborum reprehenderit qui. Magni iste aut asperiores atque libero ex tenetur.', '2011-08-26 02:13:03', 28, 33),
('Assumenda in quisquam dolore atque aspernatur rerum est architecto. Nihil voluptatem inventore consectetur veniam. Itaque praesentium cum architecto fugiat id.', '1999-03-19 01:57:38', 39, 33),
('Doloribus voluptatem eius et ut sunt. Odit ea voluptas eius sit aliquam quisquam aut.', '1985-03-26 06:05:06', 93, 36),
('Minus nesciunt qui explicabo dolor maiores perferendis et. Nam cupiditate quam id voluptates veniam ad. Fugiat nostrum nihil quo vitae quasi nesciunt.', '1982-09-10 09:00:15', 6, 38),
('Quisquam qui perferendis sed impedit itaque sed. At assumenda exercitationem quia et deleniti accusantium. Suscipit doloribus reiciendis eum recusandae minima voluptate.', '1983-07-17 07:25:59', 95, 38),
('Ipsa commodi incidunt labore expedita voluptatem officiis. Aut a totam blanditiis quis possimus rerum facilis. Ea quos vel repellat ab. Nihil eos nisi magni fuga aut nulla.', '2000-02-10 05:32:00', 96, 38),
('Dolor nobis inventore aspernatur est. Quis aut sed ducimus esse voluptate. Et sit consequatur corporis saepe autem soluta. Aut natus quae tempore sunt.', '2000-09-20 11:49:15', 89, 39),
('Dolorem dolorem numquam blanditiis temporibus. Rem aut quo aperiam nobis dolor in temporibus. Consequatur eligendi et neque.', '1998-09-08 00:38:30', 89, 40),
('Vero animi adipisci nulla odio. Sunt sequi eius ut maiores quisquam. Ut impedit totam iste corporis deleniti.', '2017-08-05 17:44:01', 99, 41),
('Et molestiae distinctio rem aut. Quibusdam id est accusamus saepe. Earum optio quaerat quis aliquid omnis dolore. Ut autem nemo qui est aut cumque. Ea omnis molestiae itaque nisi quia enim ea omnis.', '2017-10-08 12:11:31', 34, 42),
('Non deserunt ut ab voluptatem a ratione. Hic harum mollitia qui nihil rerum et. Ut libero culpa consequuntur. Iure vero ipsa occaecati cum vel recusandae inventore.', '1995-06-15 17:49:00', 21, 43),
('Fugiat soluta neque omnis error possimus. Non ad impedit voluptas aperiam eum accusamus quia rerum. Possimus dicta dicta blanditiis velit eos eum. Voluptas aliquam dicta est quos quo sed.', '1985-06-23 04:43:44', 38, 43),
('Id voluptates id esse aut et sapiente iure. Veritatis numquam vitae aut perferendis. Iste et eum aut odio.', '1974-09-17 10:13:46', 91, 43),
('Praesentium aut quo distinctio quasi quod aut sed. Dolor harum et libero ratione aut. Et et sint eligendi aut. Corporis corporis quis ut hic.', '2003-12-04 13:26:41', 77, 45),
('Vel velit exercitationem ut eius ut. Nostrum aut ad accusantium est. Harum eius laudantium inventore cum ipsum deserunt.', '1980-05-18 17:27:54', 54, 46),
('Culpa corporis et aut ex inventore inventore. Quos qui est aperiam dicta qui. Incidunt est reprehenderit iure qui sunt vero. In rerum in quaerat temporibus ut eum ipsam quo.', '1971-03-08 15:26:08', 41, 47),
('Consequatur modi et dignissimos quam aut ut. Assumenda at tenetur voluptas. Veritatis sunt aut vero aut. Qui deleniti reiciendis qui nihil ea nulla beatae.', '1986-03-10 19:06:35', 80, 47),
('Aliquid voluptatem ex quidem qui doloremque. Excepturi minus quam error soluta similique eum quae. Mollitia fugiat cupiditate autem beatae inventore tempore impedit.', '1992-05-05 11:14:04', 41, 48),
('Vitae expedita labore praesentium illo sit. Quia odit soluta suscipit omnis excepturi odio. Cupiditate ut molestiae et rerum. Repellendus omnis qui et.', '1973-11-10 21:52:40', 61, 49),
('Sint sunt quas accusantium. Quas iste corrupti at ea suscipit sed.', '1979-10-29 14:34:04', 90, 49),
('Dicta aut debitis facilis blanditiis voluptatibus aut. Ex tempora sint illum. Officiis rerum dicta alias eaque quidem harum.', '1980-08-31 05:55:37', 47, 51),
('Et cumque et eum quos molestiae asperiores nisi. Fugiat cum numquam eligendi quas et sed. Quia quis deserunt et quisquam eos. Enim ipsum iste optio sint.', '2008-08-25 04:28:34', 92, 51),
('Nostrum recusandae consequatur qui ducimus in molestiae officia aut. Voluptas ut molestias sit ducimus optio culpa rerum. Libero eos rerum fugit occaecati similique consequatur.', '2000-10-20 20:18:44', 8, 52),
('Laborum accusantium perferendis libero architecto vel. Aut assumenda in quod laudantium. Nihil voluptatem quo culpa suscipit ut qui sit.', '2007-04-24 15:10:42', 68, 54),
('Aliquid qui autem quidem eius. Qui esse dolor sapiente a. Praesentium suscipit ex quam. Nemo enim molestiae labore sint magnam qui neque.', '1994-04-25 04:10:36', 87, 56),
('Dignissimos ut minus in non id. Possimus eveniet omnis natus dolorem et. Ipsa expedita corrupti earum dolor.', '2002-02-20 14:54:56', 28, 57),
('Vel consequatur eos exercitationem aliquam quae enim provident. Voluptatibus saepe rerum quam unde. Repellendus fugit magnam autem nostrum. Esse et omnis maiores quia sunt.', '1981-11-19 17:03:51', 49, 57),
('Laborum ullam quasi enim itaque dolores. Corrupti ut et voluptas. Aut quia rerum qui.', '2004-01-29 12:06:32', 17, 58),
('Natus quaerat nihil et aut aperiam ut. Nemo nam corporis optio ipsam voluptates ut. A fugit eum expedita sequi ut magni minima. Non quod ratione autem doloremque dolore.', '2019-02-26 12:40:41', 65, 58),
('Non dolores voluptatibus nostrum quasi. Ea neque laudantium ipsum incidunt. Error ipsum sit aspernatur qui. Et ea fuga animi sit.', '1990-11-21 11:08:14', 26, 59),
('Perferendis deserunt nobis consequatur aperiam accusamus aut. Voluptas unde et et accusantium vel non. Qui dolorum ut expedita quia ut quo aut.', '2007-09-23 03:02:06', 96, 59),
('Sed voluptatem voluptates voluptatem dignissimos. Odit aut illum id nemo velit. Ducimus est unde iure.', '2017-04-25 11:01:11', 19, 60),
('Ipsam in deleniti nesciunt aliquid et. Ea dolor est facilis saepe voluptas. Quia eaque earum quasi ex. Assumenda voluptatum vero cumque iusto facilis excepturi.', '1982-03-09 06:45:16', 53, 60),
('Aut dolorum dolorem et nisi est minus aut. Nam repudiandae officiis fuga unde. Quia voluptatem illo omnis in. Recusandae ut numquam necessitatibus pariatur qui soluta ullam.', '1997-04-12 12:32:11', 55, 60),
('Rerum earum architecto inventore eum ut. Dignissimos architecto accusamus ut. Voluptates delectus iste ad occaecati quo distinctio. Libero impedit iste aut iusto.', '1991-01-20 17:45:58', 71, 60),
('Quas et consequatur quaerat animi. Esse impedit officia aut quo unde quisquam repellat. Ipsum sequi quia consequatur dignissimos et fugiat.', '1987-07-09 17:20:01', 99, 63),
('Et nam eaque similique culpa. Aut rerum ullam sunt velit ut. Pariatur ad sequi illum voluptas sapiente veniam. Delectus non consequuntur sequi sed.', '1996-12-28 16:08:15', 6, 64),
('Reprehenderit ut magni molestiae voluptatem cupiditate. Ipsam labore autem quibusdam consequatur rem ea. Sunt est ut sed eligendi id quis.', '1973-06-26 07:46:24', 26, 64),
('Sed quia illo ab provident vel. Quia nulla libero accusantium molestias et minus. At voluptatibus saepe harum fugit ipsa tempore similique unde.', '1983-01-30 18:31:27', 33, 65),
('Maxime et blanditiis consequatur est qui iusto. Est ut velit sit ut vitae quae. Voluptatem officiis qui iusto voluptatem. Est perspiciatis fugiat excepturi nemo rerum.', '1977-08-17 23:45:33', 66, 65),
('Aliquid eveniet assumenda occaecati voluptas optio. Voluptatem itaque ea dolorem quaerat. Illo quis perferendis laudantium sint.', '2013-09-08 06:42:37', 31, 66),
('Culpa sequi aut eveniet asperiores pariatur magni consequuntur eum. Sit praesentium officia qui consectetur ipsum. Repellat animi quibusdam dolores error doloribus in occaecati.', '2010-11-21 06:03:52', 32, 66),
('Dolor ad et ipsam quae aut. Corporis aliquid iste quos iusto molestiae porro ut. Voluptas pariatur consectetur perferendis vel doloribus aut.', '2010-09-15 02:00:26', 90, 67),
('Eos aliquid animi sunt dolores ex labore. Consequatur non corrupti excepturi ipsam officiis id repellendus.', '2001-12-25 16:42:41', 26, 70),
('Dolor eaque qui pariatur. Ipsam non dolor porro mollitia nobis sunt. Odio odit fugit eos maiores qui enim dignissimos.', '2009-02-02 19:55:42', 36, 70),
('Iste ut incidunt inventore quae consectetur earum eum occaecati. Minus qui laudantium accusamus. Est et tempore aperiam possimus quaerat eaque dolorem.', '1994-07-22 06:38:06', 99, 70),
('Aliquam et aut sint dicta et consequatur impedit. Sint id numquam non repellat aut dolor. Fugiat non aut deleniti. Ut ipsam maxime totam iure et.', '2013-10-14 22:25:18', 9, 71),
('Repudiandae ut amet repellat. Sint ullam quia quia modi dolor hic ex. Placeat debitis quia quae placeat nemo.', '2011-04-28 02:39:52', 59, 72),
('Cumque sed officiis possimus. Ut reiciendis quos maiores et et. Vitae voluptatem illo et consectetur nulla.', '2008-02-16 22:46:51', 24, 73),
('Velit ad aut placeat dolorem magnam voluptatem molestiae. Repellat aperiam nihil et est in assumenda et. Corporis non error est placeat.', '2019-07-01 13:06:31', 91, 76),
('Praesentium temporibus eius non aut quibusdam. Est quis aut commodi unde. Quisquam corporis sunt sit tempore.', '2019-04-17 01:48:03', 4, 77),
('Magni voluptatum est voluptatem distinctio sed. Nihil nisi et consectetur ullam pariatur praesentium. Modi facilis perferendis eum quia doloribus iure reiciendis.', '2009-12-28 17:30:29', 25, 77),
('Cupiditate veniam veniam consequatur porro similique qui iste. Architecto neque voluptatem veniam nesciunt repudiandae. Sit dolores quibusdam quidem blanditiis repellat.', '1991-01-27 01:24:11', 26, 77),
('Qui nostrum placeat fuga at. Corrupti quaerat in ea dicta voluptatem sunt qui. Mollitia non reiciendis perferendis cumque repudiandae expedita.', '1978-02-24 09:37:21', 43, 79),
('Dignissimos nesciunt accusamus laboriosam dolores tempora voluptatem veritatis. Consectetur nobis nam illo veniam ut et. Qui commodi voluptates ratione consequuntur aut. Minima ex quam ipsam.', '1993-10-18 13:45:38', 87, 82),
('Dignissimos aliquam odit molestias voluptatum quasi est suscipit. Accusamus iusto qui dignissimos harum harum. Voluptates magnam est aspernatur itaque adipisci dolor.', '2001-02-05 22:29:01', 97, 83),
('Officia iusto atque officia quasi. Eum vitae laudantium quis praesentium dolorum non excepturi. Aliquid laborum est adipisci dolore.', '1979-10-21 07:54:15', 53, 84),
('Magnam nulla mollitia quasi neque. Alias sequi occaecati placeat assumenda enim veniam eos totam. Aut natus voluptatem quisquam reiciendis qui veritatis.', '1986-12-13 08:40:01', 13, 85),
('Excepturi eos nisi dignissimos aut. A rerum et corrupti ullam. Vero non commodi officia et. Nisi voluptas iste incidunt placeat ad perspiciatis.', '2002-12-09 16:59:27', 49, 85),
('Ea similique quia consequatur asperiores ullam necessitatibus ipsum. Consequatur architecto inventore mollitia. Dolor autem ipsam magnam. Porro nisi occaecati ut porro quae.', '1975-10-16 15:39:16', 77, 87),
('Suscipit veritatis sint cupiditate repellendus veritatis soluta aperiam. Voluptates velit ex consequatur dolorum.', '2011-09-11 20:05:24', 84, 88),
('Aut recusandae et sint tempore nostrum dolorem. Quia natus vitae distinctio temporibus. Dignissimos porro dolor accusamus sequi odit debitis iste. Recusandae et et qui.', '2017-04-21 13:28:34', 20, 89),
('Ut quam aut ut quam. Magnam vel omnis dolorum deleniti. Nihil voluptas molestiae qui. Tenetur dolorem consequatur quia voluptatum sit provident.', '1972-06-04 06:04:29', 31, 89),
('Esse debitis consequatur est ipsa nemo quisquam. Laudantium beatae est et error ad aspernatur quia. Molestias nostrum non a. Laborum consequuntur soluta voluptas eligendi iste consequuntur sint.', '2017-05-02 02:19:10', 47, 90),
('Excepturi et aut atque adipisci veritatis fugit suscipit. Voluptas ut quasi impedit. Ipsa ratione necessitatibus in repudiandae.', '2018-08-16 01:13:05', 89, 91),
('Reprehenderit est qui qui earum est nihil qui. Voluptatum odit iure perferendis aut et ut et. Eligendi voluptatum ad vero dolorem rerum est. Voluptates dolorum illo earum aliquam quod.', '2010-10-27 13:37:33', 42, 92),
('Esse reiciendis sit velit architecto provident ut. Ipsum dolor similique est aut omnis dolorem tempora. Occaecati exercitationem harum voluptas molestiae consequatur quam.', '1986-04-23 11:07:31', 8, 95),
('Nesciunt doloremque dolorum corporis. Culpa quos culpa qui sapiente. Quidem fugit quibusdam voluptas error impedit voluptatum. Aut voluptates quia sunt aliquid.', '1986-11-07 20:35:13', 50, 97),
('Vitae quis autem dolores ea. Voluptatibus qui distinctio quas voluptate modi neque necessitatibus. Maiores quas in dolorem at labore. Repellat perspiciatis non itaque optio id.', '1999-08-30 23:22:56', 83, 98),
('Sunt aut neque voluptas voluptatibus eum. Sit quasi ad nisi saepe qui optio minima est. Cum incidunt ratione ut corporis. Rerum accusamus asperiores modi fuga iusto. Ut suscipit velit harum sit.', '2004-10-14 12:23:05', 81, 99),
('Quia distinctio aut et. Et corrupti et autem voluptas in dolorum. Minima incidunt consectetur laudantium fuga.', '2020-10-14 02:45:39', 8, 100),
('Alias nemo sint hic cum odio et rerum. Nemo sed dolorum possimus earum dicta laudantium. Nihil maiores ipsa nihil qui explicabo et.', '2003-09-17 14:14:03', 20, 100),
('Non deserunt ut ab voluptatem a ratione. Hic harum mollitia qui nihil rerum et. Ut libero culpa consequuntur. Iure vero ipsa occaecati cum vel recusandae inventore.', '1995-06-15 17:49:00', 69, 100);


INSERT INTO `payment` (`user_id`, `artist_id`) VALUES
(2, 41),
(5, 3),
(6, 61),
(6, 64),
(8, 84),
(11, 12),
(11, 100),
(14, 12),
(14, 25),
(14, 70),
(14, 73),
(14, 75),
(15, 4),
(15, 35),
(16, 12),
(16, 79),
(17, 49),
(19, 1),
(20, 66),
(21, 8),
(21, 19),
(23, 13),
(25, 40),
(25, 47),
(26, 5),
(27, 27),
(28, 2),
(28, 96),
(31, 82),
(31, 85),
(32, 19),
(32, 36),
(33, 2),
(33, 11),
(34, 9),
(34, 91),
(35, 52),
(35, 70),
(36, 51),
(38, 11),
(40, 9),
(42, 34),
(42, 46),
(43, 85),
(45, 10),
(45, 46),
(46, 9),
(48, 30),
(49, 80),
(50, 27),
(50, 47),
(52, 90),
(54, 3),
(55, 74),
(56, 1),
(56, 43),
(56, 96),
(57, 24),
(57, 65),
(57, 71),
(57, 80),
(58, 42),
(58, 78),
(59, 85),
(61, 68),
(62, 5),
(62, 60),
(64, 96),
(66, 44),
(66, 81),
(69, 28),
(70, 23),
(70, 64),
(70, 87),
(72, 25),
(78, 89),
(79, 60),
(80, 12),
(81, 38),
(82, 1),
(83, 89),
(84, 39),
(84, 41),
(85, 16),
(85, 64),
(86, 23),
(87, 5),
(89, 3),
(89, 72),
(89, 80),
(91, 11),
(92, 1),
(92, 26),
(95, 48),
(95, 62),
(95, 72),
(96, 3),
(98, 22),
(99, 3),
(100, 30);

INSERT INTO `song` (`id`, `title`, `file`, `image`) VALUES
(1, 'Sed repellendus maiores aperiam quisquam.', '1344708572', '1504013731'),
(2, 'Accusamus voluptas eligendi ut enim dolorem.', '409492518', '27960345'),
(3, 'Aut maiores reiciendis ut voluptatum minima perspiciatis.', '1354875980', '1087726132'),
(4, 'Dolor dignissimos quibusdam in minima eius aut.', '1190438260', '463742802'),
(5, 'Sunt non quia architecto qui praesentium.', '1394290947', '822511293'),
(6, 'Harum illum consequuntur rem laudantium fugit omnis.', '1421493544', '489866000'),
(7, 'Sapiente facilis ipsum dolor asperiores autem.', '123733554', '1009649807'),
(8, 'Omnis nisi numquam qui laboriosam voluptatem maxime ut.', '717896774', '941756098'),
(9, 'Dolorum ratione libero voluptates nemo consequatur ut.', '179025324', '1361964344'),
(10, 'Ab corrupti laudantium voluptatem illo fugiat natus deserunt.', '1308153757', '567154628'),
(11, 'Porro quia facilis optio iusto.', '735838941', '1027272215'),
(12, 'Omnis esse nostrum veniam voluptas.', '1573616398', '1602282231'),
(13, 'Nesciunt voluptate mollitia occaecati reiciendis eligendi.', '1329639620', '930391785'),
(14, 'Similique laborum veniam impedit cumque eum.', '414167411', '603007919'),
(15, 'Necessitatibus dignissimos quaerat accusamus dolor officiis quibusdam.', '1188016157', '147479608'),
(16, 'Atque nihil omnis blanditiis est est.', '65357754', '1327972242'),
(17, 'Doloribus unde odit earum dolor exercitationem.', '341727984', '225045034'),
(18, 'Quo qui facilis fugit amet officiis.', '387356808', '949629095'),
(19, 'Rem est error impedit fugiat.', '1537466148', '1292151505'),
(20, 'Est rerum qui laudantium accusamus nemo consectetur eos vitae.', '572124696', '8221005'),
(21, 'Explicabo dolores quos quisquam minima veritatis.', '1124665984', '823899404'),
(22, 'Tempora facilis ducimus et mollitia quis qui sit.', '436379250', '33105134'),
(23, 'Pariatur porro magnam quis omnis est deleniti impedit.', '502783342', '840507613'),
(24, 'Ut laboriosam aut dolorem perspiciatis ipsam totam recusandae.', '349378195', '977203497'),
(25, 'Itaque dolorem distinctio est enim qui.', '96508669', '815465714'),
(26, 'Quibusdam omnis non nisi fugit assumenda in nobis.', '348431329', '686072634'),
(27, 'Amet aut provident illum pariatur.', '422627828', '252146505'),
(28, 'Tenetur dolores aspernatur ipsam dolores.', '906989292', '1153218652'),
(29, 'Recusandae saepe eaque quos nulla officia ea impedit.', '241890830', '84062702'),
(30, 'Et ut iusto nulla voluptatem optio velit aut.', '1329040282', '911164988'),
(31, 'Qui voluptas quo inventore dolore est quaerat quos.', '564727587', '1090949957'),
(32, 'Laudantium earum aliquam iusto ratione.', '428885720', '469547754'),
(33, 'Eum et distinctio sed accusamus id iure porro.', '826454589', '1073372168'),
(34, 'Aut voluptate perferendis iure consequatur aut nesciunt.', '1449428677', '766487149'),
(35, 'Voluptas accusantium quae qui.', '643833604', '361158524'),
(36, 'Nihil sint adipisci et dolores fugiat ut.', '476390873', '180326640'),
(37, 'Molestiae eum ex et quo magni perferendis id.', '2607990', '81834274'),
(38, 'Nam aut facere quo reprehenderit voluptatem.', '683592259', '1588815782'),
(39, 'Sed aliquam consequatur corporis accusantium ipsam nostrum.', '308329460', '567581627'),
(40, 'Molestias magnam eos ut ut odio reprehenderit ipsa.', '1184286904', '90504142'),
(41, 'Vero aspernatur laboriosam eaque totam repellat distinctio.', '1403302778', '291417166'),
(42, 'Necessitatibus enim maiores consequuntur assumenda sed.', '675188068', '1046451912'),
(43, 'Qui beatae molestiae harum corrupti laborum id placeat.', '734655391', '377831527'),
(44, 'Deleniti et ducimus cum.', '686190054', '17875819'),
(45, 'Qui et repudiandae in accusantium reiciendis velit similique.', '366813845', '898099608'),
(46, 'Reiciendis enim sapiente qui rem libero et officiis.', '1276799949', '525186072'),
(47, 'Quia voluptates ad deleniti nihil voluptatibus dolore quia.', '998286528', '1384151743'),
(48, 'Illo illum magnam ut rerum et.', '99928750', '1307139836'),
(49, 'Sed nemo corrupti corporis in quis odio vero.', '166608784', '1191239580'),
(50, 'Quos molestiae eum earum magni inventore.', '1133338583', '980569265'),
(51, 'Quas consequatur harum vel blanditiis eos.', '1356019275', '703108605'),
(52, 'Animi illum placeat et quam.', '765979878', '299673923'),
(53, 'Voluptatum temporibus mollitia voluptate eos voluptas tempore saepe.', '1047515221', '1229798358'),
(54, 'Suscipit corporis sint qui voluptatum non vel.', '588130659', '482930144'),
(55, 'Dolores aut ea reiciendis doloribus dolorem inventore sit.', '972721567', '1186386761'),
(56, 'Est unde aspernatur amet velit aut tempore est.', '1464396657', '235774883'),
(57, 'Magni quod id sint nostrum ipsa aut.', '1131684198', '39243883'),
(58, 'Deleniti modi maxime et ab assumenda.', '78294147', '1305313630'),
(59, 'Expedita eos ullam voluptatibus ratione sunt maiores qui dicta.', '338942103', '1527147350'),
(60, 'Ea et dolorum et et rerum repellat.', '254073239', '1401986170'),
(61, 'Dolores ipsam architecto ut natus.', '855298392', '1359206417'),
(62, 'Animi enim libero repellendus voluptas.', '114693051', '129789465'),
(63, 'Ut mollitia omnis maiores sit.', '518563685', '565567855'),
(64, 'Magni quam minima quo nihil cupiditate.', '862371647', '1496161535'),
(65, 'At voluptatem quae et praesentium quaerat.', '1120691386', '212811212'),
(66, 'Officia qui veniam et aut.', '989689596', '519248488'),
(67, 'Voluptatibus aut hic culpa sunt commodi eum.', '1143125163', '1421233749'),
(68, 'Ad omnis minima eum qui cupiditate odio consectetur.', '558632149', '154393592'),
(69, 'Quo eum laborum delectus doloremque sapiente aut.', '224695139', '537476394'),
(70, 'Commodi facere sunt velit ut iure mollitia.', '330748938', '544897798'),
(71, 'Omnis in et voluptates.', '656287337', '380218175'),
(72, 'Numquam temporibus atque id natus beatae sed vero.', '522841332', '1203054641'),
(73, 'Dicta enim sint at et et.', '959444806', '1115360639'),
(74, 'Natus nisi consequatur quia ex voluptatem.', '1381934974', '1006605346'),
(75, 'Tempora adipisci totam dignissimos omnis.', '679294047', '386204483'),
(76, 'Velit et aliquam eum sapiente.', '1355235430', '1114328458'),
(77, 'Voluptatum repellendus voluptas sint ipsum sed in.', '1382598566', '349940466'),
(78, 'Quasi aut quia eveniet quaerat ut ut.', '774399761', '777248289'),
(79, 'Unde quia nam eos quia placeat autem est.', '1051220102', '553418200'),
(80, 'Inventore et dignissimos omnis omnis adipisci.', '83220579', '222963693'),
(81, 'Quis mollitia veritatis vitae.', '229257033', '1253499478'),
(82, 'Voluptatem non ut corrupti quia.', '330035755', '989266517'),
(83, 'Autem voluptatum enim sit ut.', '1564777606', '1293812580'),
(84, 'Voluptas ad asperiores odio id voluptatem quia occaecati.', '555565509', '1357501028'),
(85, 'Et omnis nemo animi laudantium qui.', '565992545', '595439054'),
(86, 'Omnis harum non odio est qui tempore qui.', '345600672', '889390585'),
(87, 'Doloremque sit et quod aliquid quo voluptatum qui.', '657585874', '1597515009'),
(88, 'Quis consequatur aliquid voluptatum et odit rerum natus.', '667646414', '1336093858'),
(89, 'Ut tempora repellendus sit.', '589803321', '419367160'),
(90, 'Ipsa aperiam veritatis quia tempora.', '927532244', '1370329323'),
(91, 'Sapiente vel ut sit quia.', '704697238', '138261214'),
(92, 'Perspiciatis dolore ut dolore debitis accusantium modi.', '1337214263', '850967477'),
(93, 'Et sed consequuntur ad est vel est asperiores et.', '904602037', '439820049'),
(94, 'Aliquam illum iusto quam et aspernatur.', '502848532', '716061289'),
(95, 'Optio rem occaecati dignissimos laudantium asperiores possimus velit dolorem.', '1072662028', '1416241632'),
(96, 'Quos tempora expedita autem sint consequatur facilis ipsam.', '1067690238', '46138430'),
(97, 'Non ab atque officiis autem.', '725268336', '81026052'),
(98, 'Sit aliquam sit fugiat atque nihil voluptates.', '1492079153', '1308508255'),
(99, 'Non earum illum officia pariatur.', '645366', '1094198911'),
(100, 'Quasi consequatur aut et.', '744053465', '420358696');

INSERT INTO `user` (`id`, `full_name`, `email`, `password`) VALUES
(1, 'Prof. Jordi Fadel III', 'hgoldner@example.com', '35f5687362b814980873ce0c4a03eb78a18b188a'),
(2, 'Dr. Valerie Ledner', 'devonte44@example.com', 'b512afbc9e0faffe5e19d240a46c532981e4589d'),
(3, 'Estel Stanton', 'yhahn@example.net', 'f668e29efae47fc680fe2994c973d0ec9c878604'),
(4, 'Cory Mosciski', 'pfannerstill.martine@example.org', 'cc3ddc93c9511ff7811e8f3e44fa4b99c94b626d'),
(5, 'Aditya Prosacco', 'lo\'connell@example.net', 'b8a579b76b44f4b4758a5fc756aade8b604a7c5f'),
(6, 'Noble Marks', 'alexa.larson@example.com', 'f271a3d88d287946652e432c7deb0cac2ee492ea'),
(7, 'Cindy Veum PhD', 'arath@example.com', '9d79846d5ef9d5786222ce9ad9ab111ebc6252fd'),
(8, 'Mr. Hilario Baumbach', 'chelsey.schaden@example.com', 'd96672c354df05465d959753fc03f4df839b3633'),
(9, 'Orin Lubowitz', 'gwatsica@example.net', '302aa412f3193b744304ab966a2c4327f97f20b8'),
(10, 'Austin Witting II', 'tierra.pollich@example.org', 'f220702eb053ae0f6d5c4aab04a233140be9b4fc'),
(11, 'Rosie Kirlin', 'lenora36@example.com', 'c5adfa3455beba12228ac7cfe52aaf82404ef78d'),
(12, 'Willow Daugherty', 'rice.markus@example.org', '4665bd9ea93e088400af98f79a2fee9fafa1a5a0'),
(13, 'Carol Hahn', 'demarcus.halvorson@example.com', '73bfd927bacc3918e6776ea49bfb16352dda751d'),
(14, 'Carmel Wiegand', 'sgusikowski@example.net', 'bb6c0b0035d69076f5ffd45ed1c4415cfd04ed85'),
(15, 'Lisa McDermott V', 'pward@example.net', 'badb3ee3faedab2a611fc457fa82a00ae7c86056'),
(16, 'Ashton Morissette', 'helmer.crist@example.org', '9525b42bf3156d11e3f1e45d9cfe7482f80e5aa7'),
(17, 'Ms. Martine Schultz DDS', 'marks.peyton@example.net', 'd55d6d47a6a0dd37ac07db7f3fed3080ca741186'),
(18, 'Aida Windler', 'ekshlerin@example.net', 'c4b7bcbfa18542fe5eb8a65d41a5867de4ae949b'),
(19, 'Amelie Hahn', 'regan82@example.org', 'c476aed1b345d866a2ee2c4f59e94d2fa72af7c3'),
(20, 'Dr. Rashad Padberg', 'barbara.reilly@example.org', 'ff152dc8deb91b9da8d6c96fcf77ff5d35c4658c'),
(21, 'Mrs. Susanna McKenzie PhD', 'albina.bauch@example.org', '6636ed16091b5506a1679e8c85987ec93e33bff9'),
(22, 'Dr. Tremayne Hudson', 'rod.witting@example.net', '652184358e9718fd98edfc998fc97809acceece9'),
(23, 'Amos Christiansen DVM', 'vbogan@example.org', 'a46ea11c819d11cc34f4bce84c1d3ae02811a857'),
(24, 'Dr. Donavon Dickens', 'glover.kiel@example.com', 'cc51fc3565ceddb42f9a3e2e7542a8bf22031a38'),
(25, 'Thelma Skiles', 'hhahn@example.net', '3968d592e904f98d484a396983dccfc906c7047c'),
(26, 'Elva Schinner II', 'vandervort.braeden@example.net', 'f668e8858b07671020db217cce9f9bc42015bb9f'),
(27, 'Garth Adams V', 'mcclure.thora@example.net', '14dd81443d21240b4056058913edb0c8e14177d9'),
(28, 'Desmond O\'Reilly II', 'alaina.treutel@example.net', '78fad47e06696db58c63dbb3d74e95d6903547bd'),
(29, 'Dr. Roy Monahan', 'zelma80@example.org', '656693e4c7366123a33efda0c464d4a7def50162'),
(30, 'Prof. Emilio Deckow MD', 'jspinka@example.org', 'b31592899e1dbd4d1502d1bd98596e1c12723930'),
(31, 'Dr. Laisha Smith', 'aubree.wehner@example.com', 'cb8ce82a3a01229464820af1459df0aa1acb4a03'),
(32, 'Prof. Winona Zboncak', 'qhauck@example.com', '82eb06946c2101ae784b0c35046a3af884690290'),
(33, 'Etha Williamson', 'ankunding.reina@example.com', '80ff696a09dc83abaa7268f9c26a3dddea98faff'),
(34, 'Carmen Metz', 'ruecker.rosalinda@example.net', '1c66c749754d3d29f7a003ed49e548730890cb35'),
(35, 'Miss Raegan Conn', 'ryan.drew@example.com', '850bfc4040e246de71c5c05f56a5f49f7f6687a1'),
(36, 'Dr. Jaquan McCullough', 'parker.christophe@example.com', '3595e5116deb23a5b95896defe93df363bf5e848'),
(37, 'Mr. Jaylin Cummerata DVM', 'boyer.trudie@example.net', 'f8ce82d076baea1cd0adff0cea18956962027d0d'),
(38, 'Sibyl Huel', 'christiansen.katelyn@example.org', '99a8143b3aee8caefe44143e62d559ee0368cd26'),
(39, 'Grayce Hudson', 'scollins@example.org', '7e5e4ae8af5ea9c8f34639d2c10f9fca340cc5b9'),
(40, 'Dr. Elmore Stiedemann', 'kilback.jaleel@example.com', 'f1f5a00b1898c35882fc9910f400e972f52933ce'),
(41, 'Kamren Bartell', 'kuphal.ariane@example.org', '98b738e7290440168247ebd0f50f1c59d19174bc'),
(42, 'Sylvia Turcotte', 'qfarrell@example.org', 'b71a137d79c9f6658c6af49cbd7b7c595a552a73'),
(43, 'Ms. Halie O\'Keefe', 'emurazik@example.org', '88c20b47ef3087a627e2a1f7182d61bed0fc5c43'),
(44, 'Nicole Harvey Sr.', 'streich.maxine@example.com', '3972fcd53509e515f581a24ac823d6063abcb015'),
(45, 'Lisette Robel', 'paucek.ulises@example.net', '774237db85ce64bb3907b5f3af2f8085d168efdc'),
(46, 'Isabelle Boyle I', 'tressa.jakubowski@example.org', 'abc7ffc038374c9849fe4807fb629946054322d6'),
(47, 'Herta Gislason', 'tod24@example.com', 'f52bb443a88df31ac204b8c121129a14b93ceba6'),
(48, 'Prof. Moses Schimmel Jr.', 'alf87@example.net', '9004be8cabf1cfefe77abdcc6e7b3fc3c55f486e'),
(49, 'Justus Kuvalis', 'hemmerich@example.com', '32a19160865f3833d4b6b90507650909e834eeca'),
(50, 'Braxton Franecki', 'delilah.kuhic@example.org', '1107227ef74a2f32d1c584ff2deaa621f11be818'),
(51, 'Kylie Halvorson', 'zbode@example.com', 'ab333a480ae1575d00fdb95a61d861453d9459c7'),
(52, 'Ms. Deja Luettgen MD', 'bkilback@example.org', 'fa49ee8bcd0b039aa9d0b2f0966373e4d5e1db7a'),
(53, 'Carolyne Blick', 'princess.pfeffer@example.net', '6c387edb677bce10e28cd8e05d1effc2018d06cb'),
(54, 'Verona Funk MD', 'phyllis90@example.net', '863a6a7f3ddd483aec3f78c94bd2154508a7b3ea'),
(55, 'Mrs. Katherine Swaniawski', 'amalia.vonrueden@example.org', '1dd08bd96fd52c3463ef3be1494c26197f624eab'),
(56, 'Bryon Kutch', 'hauck.rocio@example.org', '787adb756c362cd4d664224692ed0b8bea7fac37'),
(57, 'Jedediah O\'Kon', 'blaise30@example.com', '1ad73e0dcb728abd765ca66cbc86f50a9402119c'),
(58, 'Heath Davis', 'gibson.norris@example.net', 'b7807b4acafa1591bf6f1380e305addc69f7b5cf'),
(59, 'Lenna Mohr', 'otho35@example.org', '7fdf5457cddc393607f5518f2aeb6eb74ce4592f'),
(60, 'Dr. Alejandrin Runte I', 'langworth.einar@example.com', '3b3cf18716c4a5c933ac3449a3f8305ed55d86d2'),
(61, 'Ahmad Bode', 'strosin.jaylan@example.org', '0e2b2482fc9d6fc4d47925d0b3ad96704652dccb'),
(62, 'German Baumbach', 'walter.kathleen@example.net', 'd7ee53183da0e52236cddef73d002b8e0b99c11c'),
(63, 'Mr. Arnulfo Jacobson IV', 'zdaugherty@example.net', 'c7b37d84e1af0f1fc40c2c16a1f59c572bc9b34e'),
(64, 'Colleen Connelly', 'vjaskolski@example.com', 'a741cfffc0ff640ab6b240cf41a7c38743e5522c'),
(65, 'Justina Wyman', 'hillard49@example.net', 'c4ae9d86215e63083eb8fba0442cd50cb2001820'),
(66, 'Prof. Chasity Hartmann Sr.', 'alexane78@example.net', '0f8419a59ace984f2ac02765ee60aab1d48615c8'),
(67, 'Brady Schoen Sr.', 'lottie84@example.net', '07d3774b213ceb020aefc6acc3053f415ca52f93'),
(68, 'Alejandra Emard', 'bwolf@example.org', 'f86f7b6065fc8a0fc5f0a54d1ef25bc0767e58a4'),
(69, 'Sally Powlowski', 'paucek.golda@example.net', 'db2a43fba5c2e9ab6b4843cac9a1bc1207ce2a45'),
(70, 'Mr. Micah Lubowitz', 'gulgowski.sven@example.com', '96ca256fe98245ddecf3f753361a6d687bec0d5b'),
(71, 'Gisselle Stehr', 'pkreiger@example.net', '6ab3ac45bc908da707124a42562a30e89150e977'),
(72, 'Grayson Nolan', 'vemmerich@example.net', '9f709421861274857151c1c574d699f1d2ddb12c'),
(73, 'Drew Jacobi', 'rmarvin@example.com', '9bd1b0c644e73725863c5d8318ba3c7ee3475687'),
(74, 'Faye Farrell', 'xo\'connell@example.org', '218a0c1b443528586b4d7886bbda8e3986d4eb3f'),
(75, 'Bulah Schiller MD', 'sgrant@example.net', '95dd695a0b470b104ae69737f21007c331934720'),
(76, 'Lucious Ernser', 'walter.tanner@example.com', '900015030e9f5535a53869d5be12c68df1b9aeb2'),
(77, 'Kyler Sipes', 'hhilpert@example.net', 'e7f01e6293f43d072224bb8103a40cb6162d0d80'),
(78, 'Prof. Merlin Hackett DVM', 'barbara70@example.com', '351e10a1b5e08b6d5beea0b21434e816d9de489b'),
(79, 'Lillian Pfannerstill', 'aufderhar.dejuan@example.org', '0f882e2dcc94e67818a0049d34d568cfe76677ab'),
(80, 'Dr. Kyle Gibson', 'ryan.alycia@example.org', '0e586a61d595024bb83c4b4534cf55f8a283210f'),
(81, 'Miss Ally VonRueden', 'shettinger@example.org', 'fb0e837c738a4a8135049c4bd5ce09cfb1e7de8b'),
(82, 'Ludie Reynolds II', 'rosie.heaney@example.org', 'b0379e5c7f5d73bfa2f4d4fc06763d39a374cba3'),
(83, 'Jesse Bogan', 'ritchie.rylee@example.org', '715aef8c0c7081d9fa891db683fa47f046baecb6'),
(84, 'Nichole Stanton', 'lisandro.ratke@example.com', '9e05c0655a277d9b6336987362f1b21d380cd45b'),
(85, 'Genevieve Hudson', 'susie.zieme@example.com', 'd793711ee1c8df4305a09715b19f20833252fd27'),
(86, 'Burdette Pouros', 'usmitham@example.org', 'c3dcc54931caf844b2922442686987f520b955d4'),
(87, 'Darwin Walsh', 'cole.beulah@example.net', 'aa1399055ab885ae59985c012026a5fffa7d64c4'),
(88, 'Mrs. Elfrieda Hills', 'carroll.josie@example.com', 'e9bcaad65bae5b65d66529e3106d6c43c3c53b55'),
(89, 'Ashton Buckridge', 'candace.jerde@example.com', 'fd5dcf3b0a036816276345b141b3cd3692f7582a'),
(90, 'Claire Dietrich', 'kcruickshank@example.org', 'dfd53d3ef6d8ee759489a48dd4ca3833cf5c87e1'),
(91, 'Miss Hortense Johnston Sr.', 'macejkovic.shanel@example.com', '48b9579ad75ba810475f97165d3826df67761d99'),
(92, 'Gia Emard', 'ephraim.lockman@example.net', 'e26093051f747d726b519ac4da92459b1940d5b1'),
(93, 'Mr. Casimir Kassulke DDS', 'kgrady@example.net', 'a7c105ebfbc8cd88f32cfc651f817e517326098d'),
(94, 'Dr. Carissa Bartell', 'lschultz@example.org', 'c217242cf2eaebfd75144d03f26fba2c3dd4efce'),
(95, 'Elody Senger Jr.', 'sreilly@example.org', '83eb42eafaeb59bc55a185949dfe0825c95b5716'),
(96, 'Mustafa Ward', 'jenifer07@example.net', 'df8d2c8b61fca72c6ee3b70368273c2b5155b67d'),
(97, 'Miss Gracie Schultz Jr.', 'zthompson@example.net', '015e5713b208d50fafa6498740d39803effa18f3'),
(98, 'Dr. Tamia Boehm PhD', 'winfield.rempel@example.net', '32e04cab434afc5f58a10f7aab08152fec095b53'),
(99, 'Torey Herzog', 'jairo94@example.org', '6f81ea9558033e1c2c9488788708335c0b5d1f13'),
(100, 'Ms. Eveline Schaefer', 'esmeralda.borer@example.org', '174df481827049b33c8f3652632a1117548a9246');
